ts_iso,camera_id,is_blurry
2025-11-12T12:42:44.404230+00:00,CAM-01,0
2025-11-12T12:42:44.404230+00:00,CAM-02,0
2025-11-12T12:42:44.404230+00:00,CAM-03,0
2025-11-12T12:42:49.407406+00:00,CAM-01,0
2025-11-12T12:42:49.407406+00:00,CAM-02,0
2025-11-12T12:42:49.407406+00:00,CAM-03,0
2025-11-12T12:42:54.413733+00:00,CAM-01,0
2025-11-12T12:42:54.413733+00:00,CAM-02,0
2025-11-12T12:42:54.413733+00:00,CAM-03,0
2025-11-12T12:42:59.415611+00:00,CAM-01,0
2025-11-12T12:42:59.415611+00:00,CAM-02,0
2025-11-12T12:42:59.415611+00:00,CAM-03,0
2025-11-12T12:43:04.419395+00:00,CAM-01,0
2025-11-12T12:43:04.419395+00:00,CAM-02,0
2025-11-12T12:43:04.419395+00:00,CAM-03,0
2025-11-12T12:43:09.422628+00:00,CAM-01,0
2025-11-12T12:43:09.422628+00:00,CAM-02,0
2025-11-12T12:43:09.422628+00:00,CAM-03,0
2025-11-12T12:43:14.438815+00:00,CAM-01,0
2025-11-12T12:43:14.438815+00:00,CAM-02,0
2025-11-12T12:43:14.438815+00:00,CAM-03,1
2025-11-12T12:43:19.442638+00:00,CAM-01,1
2025-11-12T12:43:19.442638+00:00,CAM-02,0
2025-11-12T12:43:19.442638+00:00,CAM-03,1
2025-11-12T12:43:24.445817+00:00,CAM-01,1
2025-11-12T12:43:24.445817+00:00,CAM-02,0
2025-11-12T12:43:24.445817+00:00,CAM-03,1
2025-11-12T12:43:29.448420+00:00,CAM-01,1
2025-11-12T12:43:29.448420+00:00,CAM-02,1
2025-11-12T12:43:29.448420+00:00,CAM-03,0
2025-11-12T12:43:34.452957+00:00,CAM-01,1
2025-11-12T12:43:34.452957+00:00,CAM-02,1
2025-11-12T12:43:34.452957+00:00,CAM-03,0
2025-11-12T12:43:39.458399+00:00,CAM-01,1
2025-11-12T12:43:39.458399+00:00,CAM-02,1
2025-11-12T12:43:39.458399+00:00,CAM-03,0
2025-11-12T12:43:44.465397+00:00,CAM-01,0
2025-11-12T12:43:44.465397+00:00,CAM-02,1
2025-11-12T12:43:44.465397+00:00,CAM-03,0
2025-11-12T12:43:49.470990+00:00,CAM-01,0
2025-11-12T12:43:49.470990+00:00,CAM-02,1
2025-11-12T12:43:49.470990+00:00,CAM-03,0
2025-11-12T12:43:54.479301+00:00,CAM-01,0
2025-11-12T12:43:54.479301+00:00,CAM-02,1
2025-11-12T12:43:54.479301+00:00,CAM-03,0
2025-11-12T12:43:59.481761+00:00,CAM-01,0
2025-11-12T12:43:59.481761+00:00,CAM-02,1
2025-11-12T12:43:59.481761+00:00,CAM-03,0
2025-11-12T12:44:04.488202+00:00,CAM-01,0
2025-11-12T12:44:04.488202+00:00,CAM-02,1
2025-11-12T12:44:04.488202+00:00,CAM-03,0
2025-11-12T12:44:09.491595+00:00,CAM-01,0
2025-11-12T12:44:09.491595+00:00,CAM-02,0
2025-11-12T12:44:09.491595+00:00,CAM-03,0
2025-11-12T12:44:14.497047+00:00,CAM-01,0
2025-11-12T12:44:14.497047+00:00,CAM-02,0
2025-11-12T12:44:14.497047+00:00,CAM-03,0
2025-11-12T12:44:19.500023+00:00,CAM-01,0
2025-11-12T12:44:19.500023+00:00,CAM-02,0
2025-11-12T12:44:19.500023+00:00,CAM-03,0
2025-11-12T12:44:24.506896+00:00,CAM-01,0
2025-11-12T12:44:24.506896+00:00,CAM-02,0
2025-11-12T12:44:24.506896+00:00,CAM-03,0
2025-11-12T12:44:29.510115+00:00,CAM-01,0
2025-11-12T12:44:29.510115+00:00,CAM-02,0
2025-11-12T12:44:29.510115+00:00,CAM-03,0
2025-11-12T12:44:34.517186+00:00,CAM-01,0
2025-11-12T12:44:34.517186+00:00,CAM-02,0
2025-11-12T12:44:34.517186+00:00,CAM-03,0
2025-11-12T12:44:39.520861+00:00,CAM-01,0
2025-11-12T12:44:39.520861+00:00,CAM-02,0
2025-11-12T12:44:39.520861+00:00,CAM-03,0
2025-11-12T12:44:44.526797+00:00,CAM-01,0
2025-11-12T12:44:44.526797+00:00,CAM-02,0
2025-11-12T12:44:44.526797+00:00,CAM-03,0
2025-11-12T12:44:49.529618+00:00,CAM-01,0
2025-11-12T12:44:49.529618+00:00,CAM-02,0
2025-11-12T12:44:49.529618+00:00,CAM-03,0
2025-11-12T12:44:54.532030+00:00,CAM-01,0
2025-11-12T12:44:54.532030+00:00,CAM-02,0
2025-11-12T12:44:54.532030+00:00,CAM-03,0
2025-11-12T12:44:59.537224+00:00,CAM-01,0
2025-11-12T12:44:59.537224+00:00,CAM-02,0
2025-11-12T12:44:59.537224+00:00,CAM-03,0
2025-11-12T12:45:04.543034+00:00,CAM-01,0
2025-11-12T12:45:04.543034+00:00,CAM-02,0
2025-11-12T12:45:04.543034+00:00,CAM-03,0
2025-11-12T12:45:09.548585+00:00,CAM-01,0
2025-11-12T12:45:09.548585+00:00,CAM-02,0
2025-11-12T12:45:09.548585+00:00,CAM-03,0
2025-11-12T12:45:14.551886+00:00,CAM-01,0
2025-11-12T12:45:14.551886+00:00,CAM-02,0
2025-11-12T12:45:14.551886+00:00,CAM-03,0
2025-11-12T12:45:19.557372+00:00,CAM-01,0
2025-11-12T12:45:19.557372+00:00,CAM-02,0
2025-11-12T12:45:19.557372+00:00,CAM-03,0
2025-11-12T12:45:24.563217+00:00,CAM-01,0
2025-11-12T12:45:24.563217+00:00,CAM-02,0
2025-11-12T12:45:24.563217+00:00,CAM-03,0
2025-11-12T12:45:29.569403+00:00,CAM-01,0
2025-11-12T12:45:29.569403+00:00,CAM-02,0
2025-11-12T12:45:29.569403+00:00,CAM-03,0
2025-11-12T12:45:34.571412+00:00,CAM-01,0
2025-11-12T12:45:34.571412+00:00,CAM-02,0
2025-11-12T12:45:34.571412+00:00,CAM-03,0
2025-11-12T12:45:39.574825+00:00,CAM-01,0
2025-11-12T12:45:39.574825+00:00,CAM-02,0
2025-11-12T12:45:39.574825+00:00,CAM-03,0
2025-11-12T12:45:44.582711+00:00,CAM-01,0
2025-11-12T12:45:44.582711+00:00,CAM-02,0
2025-11-12T12:45:44.582711+00:00,CAM-03,0
2025-11-12T12:45:49.586025+00:00,CAM-01,1
2025-11-12T12:45:49.586025+00:00,CAM-02,0
2025-11-12T12:45:49.586025+00:00,CAM-03,0
2025-11-12T12:45:54.589627+00:00,CAM-01,1
2025-11-12T12:45:54.589627+00:00,CAM-02,0
2025-11-12T12:45:54.589627+00:00,CAM-03,0
2025-11-12T12:45:59.591397+00:00,CAM-01,1
2025-11-12T12:45:59.591397+00:00,CAM-02,0
2025-11-12T12:45:59.591397+00:00,CAM-03,0
2025-11-12T12:46:04.595801+00:00,CAM-01,0
2025-11-12T12:46:04.595801+00:00,CAM-02,0
2025-11-12T12:46:04.595801+00:00,CAM-03,0
2025-11-12T12:46:09.598059+00:00,CAM-01,0
2025-11-12T12:46:09.598059+00:00,CAM-02,0
2025-11-12T12:46:09.598059+00:00,CAM-03,0
2025-11-12T12:46:14.600139+00:00,CAM-01,0
2025-11-12T12:46:14.600139+00:00,CAM-02,0
2025-11-12T12:46:14.600139+00:00,CAM-03,0
2025-11-12T12:46:19.602533+00:00,CAM-01,0
2025-11-12T12:46:19.602533+00:00,CAM-02,0
2025-11-12T12:46:19.602533+00:00,CAM-03,0
2025-11-12T12:46:24.606185+00:00,CAM-01,0
2025-11-12T12:46:24.606185+00:00,CAM-02,0
2025-11-12T12:46:24.606185+00:00,CAM-03,0
2025-11-12T12:46:29.609542+00:00,CAM-01,0
2025-11-12T12:46:29.609542+00:00,CAM-02,0
2025-11-12T12:46:29.609542+00:00,CAM-03,0
2025-11-12T12:46:34.615447+00:00,CAM-01,0
2025-11-12T12:46:34.615447+00:00,CAM-02,0
2025-11-12T12:46:34.615447+00:00,CAM-03,0
2025-11-12T12:46:39.621759+00:00,CAM-01,0
2025-11-12T12:46:39.621759+00:00,CAM-02,0
2025-11-12T12:46:39.621759+00:00,CAM-03,0
2025-11-12T12:46:44.627760+00:00,CAM-01,0
2025-11-12T12:46:44.627760+00:00,CAM-02,0
2025-11-12T12:46:44.627760+00:00,CAM-03,0
2025-11-12T12:46:49.630639+00:00,CAM-01,0
2025-11-12T12:46:49.630639+00:00,CAM-02,0
2025-11-12T12:46:49.630639+00:00,CAM-03,0
2025-11-12T12:46:54.633673+00:00,CAM-01,0
2025-11-12T12:46:54.633673+00:00,CAM-02,0
2025-11-12T12:46:54.633673+00:00,CAM-03,0
2025-11-12T12:46:59.637326+00:00,CAM-01,0
2025-11-12T12:46:59.637326+00:00,CAM-02,0
2025-11-12T12:46:59.637326+00:00,CAM-03,0
2025-11-12T12:47:04.639237+00:00,CAM-01,0
2025-11-12T12:47:04.639237+00:00,CAM-02,0
2025-11-12T12:47:04.639237+00:00,CAM-03,0
2025-11-12T12:47:09.640972+00:00,CAM-01,1
2025-11-12T12:47:09.640972+00:00,CAM-02,0
2025-11-12T12:47:09.640972+00:00,CAM-03,0
2025-11-12T12:47:14.643781+00:00,CAM-01,1
2025-11-12T12:47:14.643781+00:00,CAM-02,0
2025-11-12T12:47:14.643781+00:00,CAM-03,0
2025-11-12T12:47:19.645802+00:00,CAM-01,1
2025-11-12T12:47:19.645802+00:00,CAM-02,0
2025-11-12T12:47:19.645802+00:00,CAM-03,0
2025-11-12T12:47:24.649250+00:00,CAM-01,1
2025-11-12T12:47:24.649250+00:00,CAM-02,0
2025-11-12T12:47:24.649250+00:00,CAM-03,1
2025-11-12T12:47:29.651847+00:00,CAM-01,1
2025-11-12T12:47:29.651847+00:00,CAM-02,1
2025-11-12T12:47:29.651847+00:00,CAM-03,1
2025-11-12T12:47:34.655193+00:00,CAM-01,1
2025-11-12T12:47:34.655193+00:00,CAM-02,1
2025-11-12T12:47:34.655193+00:00,CAM-03,1
2025-11-12T12:47:39.656837+00:00,CAM-01,1
2025-11-12T12:47:39.656837+00:00,CAM-02,1
2025-11-12T12:47:39.656837+00:00,CAM-03,0
2025-11-12T12:47:44.664183+00:00,CAM-01,1
2025-11-12T12:47:44.664183+00:00,CAM-02,1
2025-11-12T12:47:44.664183+00:00,CAM-03,1
2025-11-12T12:47:49.670168+00:00,CAM-01,0
2025-11-12T12:47:49.670168+00:00,CAM-02,1
2025-11-12T12:47:49.670168+00:00,CAM-03,1
2025-11-12T12:47:54.673303+00:00,CAM-01,0
2025-11-12T12:47:54.673303+00:00,CAM-02,1
2025-11-12T12:47:54.673303+00:00,CAM-03,1
2025-11-12T12:47:59.676242+00:00,CAM-01,0
2025-11-12T12:47:59.676242+00:00,CAM-02,1
2025-11-12T12:47:59.676242+00:00,CAM-03,1
2025-11-12T12:48:04.679292+00:00,CAM-01,0
2025-11-12T12:48:04.679292+00:00,CAM-02,1
2025-11-12T12:48:04.679292+00:00,CAM-03,0
2025-11-12T12:48:09.682820+00:00,CAM-01,0
2025-11-12T12:48:09.682820+00:00,CAM-02,1
2025-11-12T12:48:09.682820+00:00,CAM-03,0
2025-11-12T12:48:14.685698+00:00,CAM-01,1
2025-11-12T12:48:14.685698+00:00,CAM-02,0
2025-11-12T12:48:14.685698+00:00,CAM-03,0
2025-11-12T12:48:19.688685+00:00,CAM-01,0
2025-11-12T12:48:19.688685+00:00,CAM-02,0
2025-11-12T12:48:19.688685+00:00,CAM-03,0
2025-11-12T12:48:24.690078+00:00,CAM-01,0
2025-11-12T12:48:24.690078+00:00,CAM-02,0
2025-11-12T12:48:24.690078+00:00,CAM-03,0
2025-11-12T12:48:29.697377+00:00,CAM-01,0
2025-11-12T12:48:29.697377+00:00,CAM-02,0
2025-11-12T12:48:29.697377+00:00,CAM-03,0
2025-11-12T12:48:34.704634+00:00,CAM-01,0
2025-11-12T12:48:34.704634+00:00,CAM-02,0
2025-11-12T12:48:34.704634+00:00,CAM-03,1
2025-11-12T12:48:39.706594+00:00,CAM-01,0
2025-11-12T12:48:39.706594+00:00,CAM-02,1
2025-11-12T12:48:39.706594+00:00,CAM-03,1
2025-11-12T12:48:44.713542+00:00,CAM-01,0
2025-11-12T12:48:44.713542+00:00,CAM-02,1
2025-11-12T12:48:44.713542+00:00,CAM-03,1
2025-11-12T12:48:49.715861+00:00,CAM-01,0
2025-11-12T12:48:49.715861+00:00,CAM-02,1
2025-11-12T12:48:49.715861+00:00,CAM-03,1
2025-11-12T12:48:54.718910+00:00,CAM-01,0
2025-11-12T12:48:54.718910+00:00,CAM-02,1
2025-11-12T12:48:54.718910+00:00,CAM-03,1
2025-11-12T12:48:59.722992+00:00,CAM-01,0
2025-11-12T12:48:59.722992+00:00,CAM-02,1
2025-11-12T12:48:59.722992+00:00,CAM-03,0
2025-11-12T12:49:04.727197+00:00,CAM-01,0
2025-11-12T12:49:04.727197+00:00,CAM-02,0
2025-11-12T12:49:04.727197+00:00,CAM-03,0
2025-11-12T12:49:09.730341+00:00,CAM-01,0
2025-11-12T12:49:09.730341+00:00,CAM-02,1
2025-11-12T12:49:09.730341+00:00,CAM-03,0
2025-11-12T12:49:14.736330+00:00,CAM-01,0
2025-11-12T12:49:14.736330+00:00,CAM-02,1
2025-11-12T12:49:14.736330+00:00,CAM-03,0
2025-11-12T12:49:19.738205+00:00,CAM-01,0
2025-11-12T12:49:19.738205+00:00,CAM-02,1
2025-11-12T12:49:19.738205+00:00,CAM-03,0
2025-11-12T12:49:24.740272+00:00,CAM-01,0
2025-11-12T12:49:24.740272+00:00,CAM-02,1
2025-11-12T12:49:24.740272+00:00,CAM-03,0
2025-11-12T12:49:29.746034+00:00,CAM-01,0
2025-11-12T12:49:29.746034+00:00,CAM-02,1
2025-11-12T12:49:29.746034+00:00,CAM-03,0
2025-11-12T12:49:34.750476+00:00,CAM-01,1
2025-11-12T12:49:34.750476+00:00,CAM-02,0
2025-11-12T12:49:34.750476+00:00,CAM-03,0
2025-11-12T12:49:39.753908+00:00,CAM-01,1
2025-11-12T12:49:39.753908+00:00,CAM-02,1
2025-11-12T12:49:39.753908+00:00,CAM-03,1
2025-11-12T12:49:44.755911+00:00,CAM-01,1
2025-11-12T12:49:44.755911+00:00,CAM-02,0
2025-11-12T12:49:44.755911+00:00,CAM-03,1
2025-11-12T12:49:49.757937+00:00,CAM-01,1
2025-11-12T12:49:49.757937+00:00,CAM-02,0
2025-11-12T12:49:49.757937+00:00,CAM-03,1
2025-11-12T12:49:54.763659+00:00,CAM-01,1
2025-11-12T12:49:54.763659+00:00,CAM-02,0
2025-11-12T12:49:54.763659+00:00,CAM-03,1
2025-11-12T12:49:59.767657+00:00,CAM-01,1
2025-11-12T12:49:59.767657+00:00,CAM-02,0
2025-11-12T12:49:59.767657+00:00,CAM-03,1
2025-11-12T12:50:04.770969+00:00,CAM-01,1
2025-11-12T12:50:04.770969+00:00,CAM-02,0
2025-11-12T12:50:04.770969+00:00,CAM-03,1
2025-11-12T12:50:09.774164+00:00,CAM-01,1
2025-11-12T12:50:09.774164+00:00,CAM-02,0
2025-11-12T12:50:09.774164+00:00,CAM-03,1
2025-11-12T12:50:14.781823+00:00,CAM-01,1
2025-11-12T12:50:14.781823+00:00,CAM-02,0
2025-11-12T12:50:14.781823+00:00,CAM-03,0
2025-11-12T12:50:19.784678+00:00,CAM-01,1
2025-11-12T12:50:19.784678+00:00,CAM-02,1
2025-11-12T12:50:19.784678+00:00,CAM-03,0
2025-11-12T12:50:24.787383+00:00,CAM-01,1
2025-11-12T12:50:24.787383+00:00,CAM-02,1
2025-11-12T12:50:24.787383+00:00,CAM-03,0
2025-11-12T12:50:29.789214+00:00,CAM-01,1
2025-11-12T12:50:29.789214+00:00,CAM-02,1
2025-11-12T12:50:29.789214+00:00,CAM-03,0
2025-11-12T12:50:34.791056+00:00,CAM-01,1
2025-11-12T12:50:34.791056+00:00,CAM-02,1
2025-11-12T12:50:34.791056+00:00,CAM-03,0
2025-11-12T12:50:39.798659+00:00,CAM-01,1
2025-11-12T12:50:39.798659+00:00,CAM-02,1
2025-11-12T12:50:39.798659+00:00,CAM-03,0
2025-11-12T12:50:44.800819+00:00,CAM-01,1
2025-11-12T12:50:44.800819+00:00,CAM-02,0
2025-11-12T12:50:44.800819+00:00,CAM-03,1
2025-11-12T12:50:49.805358+00:00,CAM-01,1
2025-11-12T12:50:49.805358+00:00,CAM-02,0
2025-11-12T12:50:49.805358+00:00,CAM-03,0
2025-11-12T12:50:54.810006+00:00,CAM-01,1
2025-11-12T12:50:54.810006+00:00,CAM-02,1
2025-11-12T12:50:54.810006+00:00,CAM-03,0
2025-11-12T12:50:59.815110+00:00,CAM-01,1
2025-11-12T12:50:59.815110+00:00,CAM-02,0
2025-11-12T12:50:59.815110+00:00,CAM-03,0
2025-11-12T12:51:04.820927+00:00,CAM-01,1
2025-11-12T12:51:04.820927+00:00,CAM-02,0
2025-11-12T12:51:04.820927+00:00,CAM-03,0
2025-11-12T12:51:09.823041+00:00,CAM-01,1
2025-11-12T12:51:09.823041+00:00,CAM-02,0
2025-11-12T12:51:09.823041+00:00,CAM-03,0
2025-11-12T12:51:14.827325+00:00,CAM-01,0
2025-11-12T12:51:14.827325+00:00,CAM-02,0
2025-11-12T12:51:14.827325+00:00,CAM-03,0
2025-11-12T12:51:19.829616+00:00,CAM-01,0
2025-11-12T12:51:19.829616+00:00,CAM-02,0
2025-11-12T12:51:19.829616+00:00,CAM-03,0
2025-11-12T12:51:24.831661+00:00,CAM-01,0
2025-11-12T12:51:24.831661+00:00,CAM-02,0
2025-11-12T12:51:24.831661+00:00,CAM-03,0
2025-11-12T12:51:29.835595+00:00,CAM-01,1
2025-11-12T12:51:29.835595+00:00,CAM-02,0
2025-11-12T12:51:29.835595+00:00,CAM-03,0
2025-11-12T12:51:34.837620+00:00,CAM-01,0
2025-11-12T12:51:34.837620+00:00,CAM-02,0
2025-11-12T12:51:34.837620+00:00,CAM-03,1
2025-11-12T12:51:39.840400+00:00,CAM-01,0
2025-11-12T12:51:39.840400+00:00,CAM-02,1
2025-11-12T12:51:39.840400+00:00,CAM-03,1
2025-11-12T12:51:44.842595+00:00,CAM-01,0
2025-11-12T12:51:44.842595+00:00,CAM-02,1
2025-11-12T12:51:44.842595+00:00,CAM-03,1
2025-11-12T12:51:49.844474+00:00,CAM-01,0
2025-11-12T12:51:49.844474+00:00,CAM-02,1
2025-11-12T12:51:49.844474+00:00,CAM-03,1
2025-11-12T12:51:54.846497+00:00,CAM-01,0
2025-11-12T12:51:54.846497+00:00,CAM-02,0
2025-11-12T12:51:54.846497+00:00,CAM-03,0
2025-11-12T12:51:59.848721+00:00,CAM-01,0
2025-11-12T12:51:59.848721+00:00,CAM-02,0
2025-11-12T12:51:59.848721+00:00,CAM-03,0
2025-11-12T12:52:04.855998+00:00,CAM-01,0
2025-11-12T12:52:04.855998+00:00,CAM-02,0
2025-11-12T12:52:04.855998+00:00,CAM-03,0
2025-11-12T12:52:09.857810+00:00,CAM-01,0
2025-11-12T12:52:09.857810+00:00,CAM-02,0
2025-11-12T12:52:09.857810+00:00,CAM-03,0
2025-11-12T12:52:14.860317+00:00,CAM-01,0
2025-11-12T12:52:14.860317+00:00,CAM-02,0
2025-11-12T12:52:14.860317+00:00,CAM-03,0
2025-11-12T12:52:19.863673+00:00,CAM-01,0
2025-11-12T12:52:19.863673+00:00,CAM-02,0
2025-11-12T12:52:19.863673+00:00,CAM-03,0
2025-11-12T12:52:24.867203+00:00,CAM-01,0
2025-11-12T12:52:24.867203+00:00,CAM-02,0
2025-11-12T12:52:24.867203+00:00,CAM-03,0
2025-11-12T12:52:29.871652+00:00,CAM-01,0
2025-11-12T12:52:29.871652+00:00,CAM-02,0
2025-11-12T12:52:29.871652+00:00,CAM-03,0
2025-11-12T12:52:34.876810+00:00,CAM-01,0
2025-11-12T12:52:34.876810+00:00,CAM-02,1
2025-11-12T12:52:34.876810+00:00,CAM-03,0
2025-11-12T12:52:39.879095+00:00,CAM-01,0
2025-11-12T12:52:39.879095+00:00,CAM-02,1
2025-11-12T12:52:39.879095+00:00,CAM-03,1
2025-11-12T12:52:44.882003+00:00,CAM-01,0
2025-11-12T12:52:44.882003+00:00,CAM-02,1
2025-11-12T12:52:44.882003+00:00,CAM-03,1
2025-11-12T12:52:49.884247+00:00,CAM-01,0
2025-11-12T12:52:49.884247+00:00,CAM-02,1
2025-11-12T12:52:49.884247+00:00,CAM-03,1
2025-11-12T12:52:54.887103+00:00,CAM-01,0
2025-11-12T12:52:54.887103+00:00,CAM-02,0
2025-11-12T12:52:54.887103+00:00,CAM-03,1
2025-11-12T12:52:59.888735+00:00,CAM-01,0
2025-11-12T12:52:59.888735+00:00,CAM-02,0
2025-11-12T12:52:59.888735+00:00,CAM-03,1
2025-11-12T12:53:04.891921+00:00,CAM-01,0
2025-11-12T12:53:04.891921+00:00,CAM-02,0
2025-11-12T12:53:04.891921+00:00,CAM-03,0
2025-11-12T12:53:09.897921+00:00,CAM-01,0
2025-11-12T12:53:09.897921+00:00,CAM-02,0
2025-11-12T12:53:09.897921+00:00,CAM-03,1
2025-11-12T12:53:14.899675+00:00,CAM-01,0
2025-11-12T12:53:14.899675+00:00,CAM-02,0
2025-11-12T12:53:14.899675+00:00,CAM-03,1
2025-11-12T12:53:19.903124+00:00,CAM-01,0
2025-11-12T12:53:19.903124+00:00,CAM-02,0
2025-11-12T12:53:19.903124+00:00,CAM-03,1
2025-11-12T12:53:24.906642+00:00,CAM-01,0
2025-11-12T12:53:24.906642+00:00,CAM-02,0
2025-11-12T12:53:24.906642+00:00,CAM-03,1
2025-11-12T12:53:29.908344+00:00,CAM-01,0
2025-11-12T12:53:29.908344+00:00,CAM-02,0
2025-11-12T12:53:29.908344+00:00,CAM-03,1
2025-11-12T12:53:34.910018+00:00,CAM-01,0
2025-11-12T12:53:34.910018+00:00,CAM-02,1
2025-11-12T12:53:34.910018+00:00,CAM-03,0
2025-11-12T13:35:51.067897+00:00,CAM-01,0
2025-11-12T13:35:51.067897+00:00,CAM-02,0
2025-11-12T13:35:51.067897+00:00,CAM-03,1
2025-11-12T13:35:56.074318+00:00,CAM-01,0
2025-11-12T13:35:56.074318+00:00,CAM-02,0
2025-11-12T13:35:56.074318+00:00,CAM-03,0
2025-11-12T13:36:01.076899+00:00,CAM-01,0
2025-11-12T13:36:01.076899+00:00,CAM-02,0
2025-11-12T13:36:01.076899+00:00,CAM-03,0
2025-11-12T13:36:06.079736+00:00,CAM-01,0
2025-11-12T13:36:06.079736+00:00,CAM-02,0
2025-11-12T13:36:06.079736+00:00,CAM-03,0
2025-11-12T13:36:11.082886+00:00,CAM-01,0
2025-11-12T13:36:11.082886+00:00,CAM-02,0
2025-11-12T13:36:11.082886+00:00,CAM-03,0
2025-11-12T13:36:16.088874+00:00,CAM-01,0
2025-11-12T13:36:16.088874+00:00,CAM-02,0
2025-11-12T13:36:16.088874+00:00,CAM-03,0
2025-11-12T13:36:21.094758+00:00,CAM-01,0
2025-11-12T13:36:21.094758+00:00,CAM-02,0
2025-11-12T13:36:21.094758+00:00,CAM-03,0
2025-11-12T13:36:26.096672+00:00,CAM-01,0
2025-11-12T13:36:26.096672+00:00,CAM-02,0
2025-11-12T13:36:26.096672+00:00,CAM-03,0
2025-11-12T13:36:31.099613+00:00,CAM-01,0
2025-11-12T13:36:31.099613+00:00,CAM-02,0
2025-11-12T13:36:31.099613+00:00,CAM-03,0
2025-11-12T13:36:36.105089+00:00,CAM-01,0
2025-11-12T13:36:36.105089+00:00,CAM-02,0
2025-11-12T13:36:36.105089+00:00,CAM-03,0
2025-11-12T13:36:41.111386+00:00,CAM-01,0
2025-11-12T13:36:41.111386+00:00,CAM-02,0
2025-11-12T13:36:41.111386+00:00,CAM-03,0
2025-11-12T13:36:46.113741+00:00,CAM-01,0
2025-11-12T13:36:46.113741+00:00,CAM-02,0
2025-11-12T13:36:46.113741+00:00,CAM-03,0
2025-11-12T13:36:51.116626+00:00,CAM-01,0
2025-11-12T13:36:51.116626+00:00,CAM-02,0
2025-11-12T13:36:51.116626+00:00,CAM-03,0
2025-11-12T13:36:56.120331+00:00,CAM-01,0
2025-11-12T13:36:56.120331+00:00,CAM-02,0
2025-11-12T13:36:56.120331+00:00,CAM-03,0
2025-11-12T13:37:01.126320+00:00,CAM-01,0
2025-11-12T13:37:01.126320+00:00,CAM-02,0
2025-11-12T13:37:01.126320+00:00,CAM-03,0
2025-11-12T13:37:06.134789+00:00,CAM-01,0
2025-11-12T13:37:06.134789+00:00,CAM-02,0
2025-11-12T13:37:06.134789+00:00,CAM-03,0
2025-11-12T13:37:11.136142+00:00,CAM-01,0
2025-11-12T13:37:11.136142+00:00,CAM-02,0
2025-11-12T13:37:11.136142+00:00,CAM-03,1
2025-11-12T13:37:16.141220+00:00,CAM-01,0
2025-11-12T13:37:16.141220+00:00,CAM-02,0
2025-11-12T13:37:16.141220+00:00,CAM-03,1
2025-11-12T13:37:21.144817+00:00,CAM-01,0
2025-11-12T13:37:21.144817+00:00,CAM-02,0
2025-11-12T13:37:21.144817+00:00,CAM-03,0
2025-11-12T13:37:26.147613+00:00,CAM-01,0
2025-11-12T13:37:26.147613+00:00,CAM-02,0
2025-11-12T13:37:26.147613+00:00,CAM-03,0
2025-11-12T13:37:31.150452+00:00,CAM-01,0
2025-11-12T13:37:31.150452+00:00,CAM-02,0
2025-11-12T13:37:31.150452+00:00,CAM-03,0
2025-11-12T13:37:36.152655+00:00,CAM-01,0
2025-11-12T13:37:36.152655+00:00,CAM-02,0
2025-11-12T13:37:36.152655+00:00,CAM-03,0
2025-11-12T13:37:41.155666+00:00,CAM-01,0
2025-11-12T13:37:41.155666+00:00,CAM-02,0
2025-11-12T13:37:41.155666+00:00,CAM-03,0
2025-11-12T13:37:46.158916+00:00,CAM-01,0
2025-11-12T13:37:46.158916+00:00,CAM-02,0
2025-11-12T13:37:46.158916+00:00,CAM-03,0
2025-11-12T13:37:51.162168+00:00,CAM-01,1
2025-11-12T13:37:51.162168+00:00,CAM-02,0
2025-11-12T13:37:51.162168+00:00,CAM-03,0
2025-11-12T13:37:56.165358+00:00,CAM-01,1
2025-11-12T13:37:56.165358+00:00,CAM-02,0
2025-11-12T13:37:56.165358+00:00,CAM-03,0
2025-11-12T13:38:01.166988+00:00,CAM-01,1
2025-11-12T13:38:01.166988+00:00,CAM-02,0
2025-11-12T13:38:01.166988+00:00,CAM-03,0
2025-11-12T13:38:06.172876+00:00,CAM-01,1
2025-11-12T13:38:06.172876+00:00,CAM-02,0
2025-11-12T13:38:06.172876+00:00,CAM-03,0
2025-11-12T13:38:11.177321+00:00,CAM-01,0
2025-11-12T13:38:11.177321+00:00,CAM-02,0
2025-11-12T13:38:11.177321+00:00,CAM-03,0
2025-11-12T13:38:16.181139+00:00,CAM-01,0
2025-11-12T13:38:16.181139+00:00,CAM-02,0
2025-11-12T13:38:16.181139+00:00,CAM-03,0
2025-11-12T13:38:21.183782+00:00,CAM-01,0
2025-11-12T13:38:21.183782+00:00,CAM-02,0
2025-11-12T13:38:21.183782+00:00,CAM-03,0
2025-11-12T13:38:26.186144+00:00,CAM-01,0
2025-11-12T13:38:26.186144+00:00,CAM-02,0
2025-11-12T13:38:26.186144+00:00,CAM-03,1
2025-11-12T13:38:31.188036+00:00,CAM-01,0
2025-11-12T13:38:31.188036+00:00,CAM-02,0
2025-11-12T13:38:31.188036+00:00,CAM-03,1
2025-11-12T13:38:36.190544+00:00,CAM-01,0
2025-11-12T13:38:36.190544+00:00,CAM-02,0
2025-11-12T13:38:36.190544+00:00,CAM-03,1
2025-11-12T13:38:41.194242+00:00,CAM-01,0
2025-11-12T13:38:41.194242+00:00,CAM-02,1
2025-11-12T13:38:41.194242+00:00,CAM-03,1
2025-11-12T13:38:46.197773+00:00,CAM-01,0
2025-11-12T13:38:46.197773+00:00,CAM-02,1
2025-11-12T13:38:46.197773+00:00,CAM-03,0
2025-11-12T13:38:51.201517+00:00,CAM-01,0
2025-11-12T13:38:51.201517+00:00,CAM-02,1
2025-11-12T13:38:51.201517+00:00,CAM-03,0
2025-11-12T13:38:56.205116+00:00,CAM-01,0
2025-11-12T13:38:56.205116+00:00,CAM-02,1
2025-11-12T13:38:56.205116+00:00,CAM-03,0
2025-11-12T13:39:01.211061+00:00,CAM-01,1
2025-11-12T13:39:01.211061+00:00,CAM-02,1
2025-11-12T13:39:01.211061+00:00,CAM-03,1
2025-11-12T13:39:06.214474+00:00,CAM-01,1
2025-11-12T13:39:06.214474+00:00,CAM-02,1
2025-11-12T13:39:06.214474+00:00,CAM-03,1
2025-11-12T13:39:11.216160+00:00,CAM-01,1
2025-11-12T13:39:11.216160+00:00,CAM-02,0
2025-11-12T13:39:11.216160+00:00,CAM-03,1
2025-11-12T13:39:16.218576+00:00,CAM-01,1
2025-11-12T13:39:16.218576+00:00,CAM-02,0
2025-11-12T13:39:16.218576+00:00,CAM-03,1
2025-11-12T13:39:21.221546+00:00,CAM-01,1
2025-11-12T13:39:21.221546+00:00,CAM-02,1
2025-11-12T13:39:21.221546+00:00,CAM-03,1
2025-11-12T13:39:26.225122+00:00,CAM-01,0
2025-11-12T13:39:26.225122+00:00,CAM-02,0
2025-11-12T13:39:26.225122+00:00,CAM-03,1
2025-11-12T13:39:31.228924+00:00,CAM-01,0
2025-11-12T13:39:31.228924+00:00,CAM-02,0
2025-11-12T13:39:31.228924+00:00,CAM-03,1
2025-11-12T13:39:36.235213+00:00,CAM-01,0
2025-11-12T13:39:36.235213+00:00,CAM-02,1
2025-11-12T13:39:36.235213+00:00,CAM-03,1
2025-11-12T13:39:41.238736+00:00,CAM-01,0
2025-11-12T13:39:41.238736+00:00,CAM-02,1
2025-11-12T13:39:41.238736+00:00,CAM-03,1
2025-11-12T13:39:46.242704+00:00,CAM-01,0
2025-11-12T13:39:46.242704+00:00,CAM-02,1
2025-11-12T13:39:46.242704+00:00,CAM-03,1
2025-11-12T13:39:51.248409+00:00,CAM-01,0
2025-11-12T13:39:51.248409+00:00,CAM-02,0
2025-11-12T13:39:51.248409+00:00,CAM-03,1
2025-11-12T13:39:56.251930+00:00,CAM-01,0
2025-11-12T13:39:56.251930+00:00,CAM-02,0
2025-11-12T13:39:56.251930+00:00,CAM-03,0
2025-11-12T13:40:01.257573+00:00,CAM-01,0
2025-11-12T13:40:01.257573+00:00,CAM-02,0
2025-11-12T13:40:01.257573+00:00,CAM-03,0
2025-11-12T13:40:06.264626+00:00,CAM-01,0
2025-11-12T13:40:06.264626+00:00,CAM-02,0
2025-11-12T13:40:06.264626+00:00,CAM-03,0
2025-11-12T13:40:11.270526+00:00,CAM-01,1
2025-11-12T13:40:11.270526+00:00,CAM-02,0
2025-11-12T13:40:11.270526+00:00,CAM-03,0
2025-11-12T13:40:16.274393+00:00,CAM-01,1
2025-11-12T13:40:16.274393+00:00,CAM-02,0
2025-11-12T13:40:16.274393+00:00,CAM-03,0
2025-11-12T13:40:21.278166+00:00,CAM-01,1
2025-11-12T13:40:21.278166+00:00,CAM-02,0
2025-11-12T13:40:21.278166+00:00,CAM-03,0
2025-11-12T13:40:26.286287+00:00,CAM-01,1
2025-11-12T13:40:26.286287+00:00,CAM-02,0
2025-11-12T13:40:26.286287+00:00,CAM-03,0
2025-11-12T13:40:31.289546+00:00,CAM-01,1
2025-11-12T13:40:31.289546+00:00,CAM-02,0
2025-11-12T13:40:31.289546+00:00,CAM-03,0
2025-11-12T13:40:36.296414+00:00,CAM-01,0
2025-11-12T13:40:36.296414+00:00,CAM-02,0
2025-11-12T13:40:36.296414+00:00,CAM-03,0
2025-11-12T13:40:41.302118+00:00,CAM-01,0
2025-11-12T13:40:41.302118+00:00,CAM-02,1
2025-11-12T13:40:41.302118+00:00,CAM-03,0
2025-11-12T13:40:46.306230+00:00,CAM-01,0
2025-11-12T13:40:46.306230+00:00,CAM-02,0
2025-11-12T13:40:46.306230+00:00,CAM-03,0
2025-11-12T13:40:51.312811+00:00,CAM-01,0
2025-11-12T13:40:51.312811+00:00,CAM-02,0
2025-11-12T13:40:51.312811+00:00,CAM-03,0
2025-11-12T13:40:56.316847+00:00,CAM-01,0
2025-11-12T13:40:56.316847+00:00,CAM-02,0
2025-11-12T13:40:56.316847+00:00,CAM-03,0
2025-11-12T13:41:01.318674+00:00,CAM-01,0
2025-11-12T13:41:01.318674+00:00,CAM-02,0
2025-11-12T13:41:01.318674+00:00,CAM-03,0
2025-11-12T13:41:06.322477+00:00,CAM-01,0
2025-11-12T13:41:06.322477+00:00,CAM-02,0
2025-11-12T13:41:06.322477+00:00,CAM-03,0
2025-11-12T13:41:11.324685+00:00,CAM-01,1
2025-11-12T13:41:11.324685+00:00,CAM-02,0
2025-11-12T13:41:11.324685+00:00,CAM-03,0
2025-11-12T13:41:16.330666+00:00,CAM-01,1
2025-11-12T13:41:16.330666+00:00,CAM-02,0
2025-11-12T13:41:16.330666+00:00,CAM-03,0
2025-11-12T13:41:21.335551+00:00,CAM-01,1
2025-11-12T13:41:21.335551+00:00,CAM-02,0
2025-11-12T13:41:21.335551+00:00,CAM-03,0
2025-11-12T13:41:26.341999+00:00,CAM-01,1
2025-11-12T13:41:26.341999+00:00,CAM-02,0
2025-11-12T13:41:26.341999+00:00,CAM-03,0
2025-11-12T13:41:31.348445+00:00,CAM-01,1
2025-11-12T13:41:31.348445+00:00,CAM-02,0
2025-11-12T13:41:31.348445+00:00,CAM-03,0
2025-11-12T13:41:36.354533+00:00,CAM-01,1
2025-11-12T13:41:36.354533+00:00,CAM-02,0
2025-11-12T13:41:36.354533+00:00,CAM-03,0
2025-11-12T13:41:41.361857+00:00,CAM-01,0
2025-11-12T13:41:41.361857+00:00,CAM-02,1
2025-11-12T13:41:41.361857+00:00,CAM-03,0
2025-11-12T13:41:46.367399+00:00,CAM-01,0
2025-11-12T13:41:46.367399+00:00,CAM-02,1
2025-11-12T13:41:46.367399+00:00,CAM-03,0
2025-11-12T13:41:51.369674+00:00,CAM-01,0
2025-11-12T13:41:51.369674+00:00,CAM-02,0
2025-11-12T13:41:51.369674+00:00,CAM-03,0
2025-11-12T13:41:56.375347+00:00,CAM-01,1
2025-11-12T13:41:56.375347+00:00,CAM-02,0
2025-11-12T13:41:56.375347+00:00,CAM-03,1
2025-11-12T13:42:01.381915+00:00,CAM-01,1
2025-11-12T13:42:01.381915+00:00,CAM-02,0
2025-11-12T13:42:01.381915+00:00,CAM-03,0
2025-11-12T13:42:06.387501+00:00,CAM-01,1
2025-11-12T13:42:06.387501+00:00,CAM-02,0
2025-11-12T13:42:06.387501+00:00,CAM-03,0
2025-11-12T13:42:11.393857+00:00,CAM-01,1
2025-11-12T13:42:11.393857+00:00,CAM-02,0
2025-11-12T13:42:11.393857+00:00,CAM-03,0
2025-11-12T13:42:16.395481+00:00,CAM-01,0
2025-11-12T13:42:16.395481+00:00,CAM-02,0
2025-11-12T13:42:16.395481+00:00,CAM-03,1
2025-11-12T13:42:21.397509+00:00,CAM-01,0
2025-11-12T13:42:21.397509+00:00,CAM-02,0
2025-11-12T13:42:21.397509+00:00,CAM-03,1
2025-11-12T13:42:26.405458+00:00,CAM-01,0
2025-11-12T13:42:26.405458+00:00,CAM-02,0
2025-11-12T13:42:26.405458+00:00,CAM-03,1
2025-11-12T13:42:31.411810+00:00,CAM-01,0
2025-11-12T13:42:31.411810+00:00,CAM-02,0
2025-11-12T13:42:31.411810+00:00,CAM-03,1
2025-11-12T13:42:36.413702+00:00,CAM-01,0
2025-11-12T13:42:36.413702+00:00,CAM-02,0
2025-11-12T13:42:36.413702+00:00,CAM-03,1
2025-11-12T13:42:41.415616+00:00,CAM-01,0
2025-11-12T13:42:41.415616+00:00,CAM-02,0
2025-11-12T13:42:41.415616+00:00,CAM-03,1
2025-11-12T13:42:46.417761+00:00,CAM-01,0
2025-11-12T13:42:46.417761+00:00,CAM-02,0
2025-11-12T13:42:46.417761+00:00,CAM-03,1
2025-11-12T13:42:51.419728+00:00,CAM-01,0
2025-11-12T13:42:51.419728+00:00,CAM-02,0
2025-11-12T13:42:51.419728+00:00,CAM-03,1
2025-11-12T13:42:56.421822+00:00,CAM-01,0
2025-11-12T13:42:56.421822+00:00,CAM-02,0
2025-11-12T13:42:56.421822+00:00,CAM-03,1
2025-11-12T13:43:01.423912+00:00,CAM-01,0
2025-11-12T13:43:01.423912+00:00,CAM-02,0
2025-11-12T13:43:01.423912+00:00,CAM-03,0
2025-11-12T13:43:06.426248+00:00,CAM-01,0
2025-11-12T13:43:06.426248+00:00,CAM-02,0
2025-11-12T13:43:06.426248+00:00,CAM-03,0
2025-11-12T13:43:11.428358+00:00,CAM-01,0
2025-11-12T13:43:11.428358+00:00,CAM-02,0
2025-11-12T13:43:11.428358+00:00,CAM-03,0
2025-11-12T13:43:16.430235+00:00,CAM-01,0
2025-11-12T13:43:16.430235+00:00,CAM-02,0
2025-11-12T13:43:16.430235+00:00,CAM-03,0
2025-11-12T13:43:21.432195+00:00,CAM-01,0
2025-11-12T13:43:21.432195+00:00,CAM-02,1
2025-11-12T13:43:21.432195+00:00,CAM-03,0
2025-11-12T13:43:26.434058+00:00,CAM-01,0
2025-11-12T13:43:26.434058+00:00,CAM-02,0
2025-11-12T13:43:26.434058+00:00,CAM-03,1
2025-11-12T13:43:31.436132+00:00,CAM-01,0
2025-11-12T13:43:31.436132+00:00,CAM-02,0
2025-11-12T13:43:31.436132+00:00,CAM-03,1
2025-11-12T13:43:36.438106+00:00,CAM-01,0
2025-11-12T13:43:36.438106+00:00,CAM-02,0
2025-11-12T13:43:36.438106+00:00,CAM-03,1
2025-11-12T13:43:41.440787+00:00,CAM-01,0
2025-11-12T13:43:41.440787+00:00,CAM-02,0
2025-11-12T13:43:41.440787+00:00,CAM-03,0
2025-11-12T13:43:46.442538+00:00,CAM-01,0
2025-11-12T13:43:46.442538+00:00,CAM-02,0
2025-11-12T13:43:46.442538+00:00,CAM-03,0
2025-11-12T13:43:51.445377+00:00,CAM-01,0
2025-11-12T13:43:51.445377+00:00,CAM-02,0
2025-11-12T13:43:51.445377+00:00,CAM-03,0
2025-11-12T13:43:56.447603+00:00,CAM-01,1
2025-11-12T13:43:56.447603+00:00,CAM-02,0
2025-11-12T13:43:56.447603+00:00,CAM-03,0
2025-11-12T13:44:01.449121+00:00,CAM-01,1
2025-11-12T13:44:01.449121+00:00,CAM-02,0
2025-11-12T13:44:01.449121+00:00,CAM-03,0
2025-11-12T13:44:06.452122+00:00,CAM-01,1
2025-11-12T13:44:06.452122+00:00,CAM-02,0
2025-11-12T13:44:06.452122+00:00,CAM-03,0
2025-11-12T13:44:11.454327+00:00,CAM-01,1
2025-11-12T13:44:11.454327+00:00,CAM-02,0
2025-11-12T13:44:11.454327+00:00,CAM-03,0
2025-11-12T13:44:16.456403+00:00,CAM-01,1
2025-11-12T13:44:16.456403+00:00,CAM-02,0
2025-11-12T13:44:16.456403+00:00,CAM-03,0
2025-11-12T13:44:21.458598+00:00,CAM-01,1
2025-11-12T13:44:21.458598+00:00,CAM-02,0
2025-11-12T13:44:21.458598+00:00,CAM-03,0
2025-11-12T13:44:26.460726+00:00,CAM-01,1
2025-11-12T13:44:26.460726+00:00,CAM-02,0
2025-11-12T13:44:26.460726+00:00,CAM-03,0
2025-11-12T13:44:31.462991+00:00,CAM-01,1
2025-11-12T13:44:31.462991+00:00,CAM-02,0
2025-11-12T13:44:31.462991+00:00,CAM-03,0
2025-11-12T13:44:36.464863+00:00,CAM-01,1
2025-11-12T13:44:36.464863+00:00,CAM-02,0
2025-11-12T13:44:36.464863+00:00,CAM-03,0
2025-11-12T13:44:41.467214+00:00,CAM-01,1
2025-11-12T13:44:41.467214+00:00,CAM-02,0
2025-11-12T13:44:41.467214+00:00,CAM-03,0
2025-11-12T13:44:46.469360+00:00,CAM-01,1
2025-11-12T13:44:46.469360+00:00,CAM-02,0
2025-11-12T13:44:46.469360+00:00,CAM-03,0
2025-11-12T13:44:51.471461+00:00,CAM-01,1
2025-11-12T13:44:51.471461+00:00,CAM-02,0
2025-11-12T13:44:51.471461+00:00,CAM-03,0
2025-11-12T13:44:56.473148+00:00,CAM-01,1
2025-11-12T13:44:56.473148+00:00,CAM-02,1
2025-11-12T13:44:56.473148+00:00,CAM-03,0
2025-11-12T13:45:01.474808+00:00,CAM-01,1
2025-11-12T13:45:01.474808+00:00,CAM-02,1
2025-11-12T13:45:01.474808+00:00,CAM-03,0
2025-11-12T13:45:06.477209+00:00,CAM-01,1
2025-11-12T13:45:06.477209+00:00,CAM-02,0
2025-11-12T13:45:06.477209+00:00,CAM-03,0
2025-11-12T13:45:11.479483+00:00,CAM-01,1
2025-11-12T13:45:11.479483+00:00,CAM-02,0
2025-11-12T13:45:11.479483+00:00,CAM-03,0
2025-11-12T13:45:16.481419+00:00,CAM-01,1
2025-11-12T13:45:16.481419+00:00,CAM-02,0
2025-11-12T13:45:16.481419+00:00,CAM-03,0
2025-11-12T13:45:21.483730+00:00,CAM-01,1
2025-11-12T13:45:21.483730+00:00,CAM-02,0
2025-11-12T13:45:21.483730+00:00,CAM-03,0
2025-11-12T13:45:26.485759+00:00,CAM-01,0
2025-11-12T13:45:26.485759+00:00,CAM-02,0
2025-11-12T13:45:26.485759+00:00,CAM-03,0
2025-11-12T13:45:31.487675+00:00,CAM-01,0
2025-11-12T13:45:31.487675+00:00,CAM-02,0
2025-11-12T13:45:31.487675+00:00,CAM-03,0
2025-11-12T13:45:36.489702+00:00,CAM-01,0
2025-11-12T13:45:36.489702+00:00,CAM-02,0
2025-11-12T13:45:36.489702+00:00,CAM-03,0
2025-11-12T13:45:41.491731+00:00,CAM-01,0
2025-11-12T13:45:41.491731+00:00,CAM-02,0
2025-11-12T13:45:41.491731+00:00,CAM-03,0
2025-11-12T13:45:46.493676+00:00,CAM-01,0
2025-11-12T13:45:46.493676+00:00,CAM-02,0
2025-11-12T13:45:46.493676+00:00,CAM-03,1
2025-11-12T13:45:51.495719+00:00,CAM-01,0
2025-11-12T13:45:51.495719+00:00,CAM-02,0
2025-11-12T13:45:51.495719+00:00,CAM-03,1
2025-11-12T13:45:56.497643+00:00,CAM-01,0
2025-11-12T13:45:56.497643+00:00,CAM-02,0
2025-11-12T13:45:56.497643+00:00,CAM-03,1
2025-11-12T13:46:01.499553+00:00,CAM-01,0
2025-11-12T13:46:01.499553+00:00,CAM-02,0
2025-11-12T13:46:01.499553+00:00,CAM-03,1
2025-11-12T13:46:06.502372+00:00,CAM-01,1
2025-11-12T13:46:06.502372+00:00,CAM-02,0
2025-11-12T13:46:06.502372+00:00,CAM-03,0
2025-11-12T13:46:11.504460+00:00,CAM-01,0
2025-11-12T13:46:11.504460+00:00,CAM-02,0
2025-11-12T13:46:11.504460+00:00,CAM-03,0
2025-11-12T13:46:16.506250+00:00,CAM-01,0
2025-11-12T13:46:16.506250+00:00,CAM-02,0
2025-11-12T13:46:16.506250+00:00,CAM-03,0
2025-11-12T13:46:21.508393+00:00,CAM-01,0
2025-11-12T13:46:21.508393+00:00,CAM-02,0
2025-11-12T13:46:21.508393+00:00,CAM-03,0
2025-11-12T13:46:26.510548+00:00,CAM-01,0
2025-11-12T13:46:26.510548+00:00,CAM-02,0
2025-11-12T13:46:26.510548+00:00,CAM-03,0
2025-11-12T13:46:31.512751+00:00,CAM-01,0
2025-11-12T13:46:31.512751+00:00,CAM-02,0
2025-11-12T13:46:31.512751+00:00,CAM-03,0
2025-11-12T13:46:36.514481+00:00,CAM-01,0
2025-11-12T13:46:36.514481+00:00,CAM-02,0
2025-11-12T13:46:36.514481+00:00,CAM-03,1
2025-11-12T13:46:41.516720+00:00,CAM-01,0
2025-11-12T13:46:41.516720+00:00,CAM-02,0
2025-11-12T13:46:41.516720+00:00,CAM-03,1
2025-11-12T13:46:46.518627+00:00,CAM-01,0
2025-11-12T13:46:46.518627+00:00,CAM-02,0
2025-11-12T13:46:46.518627+00:00,CAM-03,1
2025-11-12T13:46:51.521054+00:00,CAM-01,0
2025-11-12T13:46:51.521054+00:00,CAM-02,0
2025-11-12T13:46:51.521054+00:00,CAM-03,1
2025-11-12T13:46:56.522849+00:00,CAM-01,0
2025-11-12T13:46:56.522849+00:00,CAM-02,0
2025-11-12T13:46:56.522849+00:00,CAM-03,0
2025-11-12T13:47:01.524564+00:00,CAM-01,0
2025-11-12T13:47:01.524564+00:00,CAM-02,0
2025-11-12T13:47:01.524564+00:00,CAM-03,0
2025-11-12T13:47:06.526725+00:00,CAM-01,0
2025-11-12T13:47:06.526725+00:00,CAM-02,0
2025-11-12T13:47:06.526725+00:00,CAM-03,0
2025-11-12T13:47:11.529191+00:00,CAM-01,0
2025-11-12T13:47:11.529191+00:00,CAM-02,0
2025-11-12T13:47:11.529191+00:00,CAM-03,0
2025-11-12T13:47:16.531379+00:00,CAM-01,0
2025-11-12T13:47:16.531379+00:00,CAM-02,0
2025-11-12T13:47:16.531379+00:00,CAM-03,0
2025-11-12T13:47:21.533731+00:00,CAM-01,1
2025-11-12T13:47:21.533731+00:00,CAM-02,0
2025-11-12T13:47:21.533731+00:00,CAM-03,0
2025-11-12T13:47:26.536262+00:00,CAM-01,1
2025-11-12T13:47:26.536262+00:00,CAM-02,0
2025-11-12T13:47:26.536262+00:00,CAM-03,0
2025-11-12T13:47:31.538830+00:00,CAM-01,1
2025-11-12T13:47:31.538830+00:00,CAM-02,0
2025-11-12T13:47:31.538830+00:00,CAM-03,0
2025-11-12T13:47:36.540983+00:00,CAM-01,1
2025-11-12T13:47:36.540983+00:00,CAM-02,0
2025-11-12T13:47:36.540983+00:00,CAM-03,0
2025-11-12T13:47:41.543286+00:00,CAM-01,1
2025-11-12T13:47:41.543286+00:00,CAM-02,0
2025-11-12T13:47:41.543286+00:00,CAM-03,0
2025-11-12T13:47:46.545113+00:00,CAM-01,1
2025-11-12T13:47:46.545113+00:00,CAM-02,0
2025-11-12T13:47:46.545113+00:00,CAM-03,0
2025-11-12T13:47:51.547053+00:00,CAM-01,1
2025-11-12T13:47:51.547053+00:00,CAM-02,0
2025-11-12T13:47:51.547053+00:00,CAM-03,0
2025-11-12T13:47:56.548989+00:00,CAM-01,1
2025-11-12T13:47:56.548989+00:00,CAM-02,0
2025-11-12T13:47:56.548989+00:00,CAM-03,0
2025-11-12T13:48:01.550867+00:00,CAM-01,1
2025-11-12T13:48:01.550867+00:00,CAM-02,0
2025-11-12T13:48:01.550867+00:00,CAM-03,0
2025-11-12T13:48:06.552519+00:00,CAM-01,1
2025-11-12T13:48:06.552519+00:00,CAM-02,1
2025-11-12T13:48:06.552519+00:00,CAM-03,0
2025-11-12T13:48:11.554438+00:00,CAM-01,1
2025-11-12T13:48:11.554438+00:00,CAM-02,1
2025-11-12T13:48:11.554438+00:00,CAM-03,0
2025-11-12T13:48:16.556188+00:00,CAM-01,0
2025-11-12T13:48:16.556188+00:00,CAM-02,0
2025-11-12T13:48:16.556188+00:00,CAM-03,0
2025-11-12T13:48:21.557818+00:00,CAM-01,0
2025-11-12T13:48:21.557818+00:00,CAM-02,0
2025-11-12T13:48:21.557818+00:00,CAM-03,0
2025-11-12T13:48:26.559644+00:00,CAM-01,0
2025-11-12T13:48:26.559644+00:00,CAM-02,0
2025-11-12T13:48:26.559644+00:00,CAM-03,0
2025-11-12T13:48:31.561670+00:00,CAM-01,0
2025-11-12T13:48:31.561670+00:00,CAM-02,0
2025-11-12T13:48:31.561670+00:00,CAM-03,0
2025-11-12T13:48:36.563534+00:00,CAM-01,0
2025-11-12T13:48:36.563534+00:00,CAM-02,1
2025-11-12T13:48:36.563534+00:00,CAM-03,0
2025-11-12T13:48:41.565571+00:00,CAM-01,0
2025-11-12T13:48:41.565571+00:00,CAM-02,1
2025-11-12T13:48:41.565571+00:00,CAM-03,1
2025-11-12T13:48:46.567458+00:00,CAM-01,0
2025-11-12T13:48:46.567458+00:00,CAM-02,0
2025-11-12T13:48:46.567458+00:00,CAM-03,0
2025-11-12T13:48:51.569274+00:00,CAM-01,1
2025-11-12T13:48:51.569274+00:00,CAM-02,0
2025-11-12T13:48:51.569274+00:00,CAM-03,0
2025-11-12T13:48:56.571256+00:00,CAM-01,1
2025-11-12T13:48:56.571256+00:00,CAM-02,0
2025-11-12T13:48:56.571256+00:00,CAM-03,0
2025-11-12T13:49:01.572926+00:00,CAM-01,0
2025-11-12T13:49:01.572926+00:00,CAM-02,0
2025-11-12T13:49:01.572926+00:00,CAM-03,0
2025-11-12T13:49:06.574953+00:00,CAM-01,0
2025-11-12T13:49:06.574953+00:00,CAM-02,0
2025-11-12T13:49:06.574953+00:00,CAM-03,1
2025-11-12T13:49:11.576939+00:00,CAM-01,0
2025-11-12T13:49:11.576939+00:00,CAM-02,0
2025-11-12T13:49:11.576939+00:00,CAM-03,1
2025-11-12T13:49:16.580808+00:00,CAM-01,0
2025-11-12T13:49:16.580808+00:00,CAM-02,0
2025-11-12T13:49:16.580808+00:00,CAM-03,1
2025-11-12T13:49:21.583260+00:00,CAM-01,0
2025-11-12T13:49:21.583260+00:00,CAM-02,0
2025-11-12T13:49:21.583260+00:00,CAM-03,0
2025-11-12T13:49:26.585357+00:00,CAM-01,0
2025-11-12T13:49:26.585357+00:00,CAM-02,1
2025-11-12T13:49:26.585357+00:00,CAM-03,0
2025-11-12T13:49:31.586967+00:00,CAM-01,0
2025-11-12T13:49:31.586967+00:00,CAM-02,1
2025-11-12T13:49:31.586967+00:00,CAM-03,0
2025-11-12T13:49:36.588890+00:00,CAM-01,0
2025-11-12T13:49:36.588890+00:00,CAM-02,1
2025-11-12T13:49:36.588890+00:00,CAM-03,0
2025-11-12T13:49:41.591210+00:00,CAM-01,0
2025-11-12T13:49:41.591210+00:00,CAM-02,1
2025-11-12T13:49:41.591210+00:00,CAM-03,0
2025-11-12T13:49:46.593191+00:00,CAM-01,0
2025-11-12T13:49:46.593191+00:00,CAM-02,1
2025-11-12T13:49:46.593191+00:00,CAM-03,0
2025-11-12T13:49:51.595286+00:00,CAM-01,0
2025-11-12T13:49:51.595286+00:00,CAM-02,1
2025-11-12T13:49:51.595286+00:00,CAM-03,0
2025-11-12T13:49:56.597313+00:00,CAM-01,0
2025-11-12T13:49:56.597313+00:00,CAM-02,1
2025-11-12T13:49:56.597313+00:00,CAM-03,0
2025-11-12T13:50:01.599377+00:00,CAM-01,0
2025-11-12T13:50:01.599377+00:00,CAM-02,1
2025-11-12T13:50:01.599377+00:00,CAM-03,0
2025-11-12T13:50:06.601183+00:00,CAM-01,0
2025-11-12T13:50:06.601183+00:00,CAM-02,1
2025-11-12T13:50:06.601183+00:00,CAM-03,0
2025-11-12T13:50:11.602896+00:00,CAM-01,0
2025-11-12T13:50:11.602896+00:00,CAM-02,1
2025-11-12T13:50:11.602896+00:00,CAM-03,0
2025-11-12T13:50:16.605019+00:00,CAM-01,0
2025-11-12T13:50:16.605019+00:00,CAM-02,1
2025-11-12T13:50:16.605019+00:00,CAM-03,0
2025-11-12T13:50:21.607059+00:00,CAM-01,0
2025-11-12T13:50:21.607059+00:00,CAM-02,1
2025-11-12T13:50:21.607059+00:00,CAM-03,0
2025-11-12T13:50:26.608660+00:00,CAM-01,0
2025-11-12T13:50:26.608660+00:00,CAM-02,1
2025-11-12T13:50:26.608660+00:00,CAM-03,0
2025-11-12T13:50:31.610549+00:00,CAM-01,0
2025-11-12T13:50:31.610549+00:00,CAM-02,1
2025-11-12T13:50:31.610549+00:00,CAM-03,0
2025-11-12T13:50:36.612318+00:00,CAM-01,1
2025-11-12T13:50:36.612318+00:00,CAM-02,1
2025-11-12T13:50:36.612318+00:00,CAM-03,0
2025-11-12T13:50:41.614083+00:00,CAM-01,1
2025-11-12T13:50:41.614083+00:00,CAM-02,1
2025-11-12T13:50:41.614083+00:00,CAM-03,0
2025-11-12T13:50:46.615769+00:00,CAM-01,1
2025-11-12T13:50:46.615769+00:00,CAM-02,1
2025-11-12T13:50:46.615769+00:00,CAM-03,0
2025-11-12T13:50:51.617671+00:00,CAM-01,1
2025-11-12T13:50:51.617671+00:00,CAM-02,1
2025-11-12T13:50:51.617671+00:00,CAM-03,0
2025-11-12T13:50:56.619761+00:00,CAM-01,1
2025-11-12T13:50:56.619761+00:00,CAM-02,1
2025-11-12T13:50:56.619761+00:00,CAM-03,1
2025-11-12T13:51:01.621594+00:00,CAM-01,0
2025-11-12T13:51:01.621594+00:00,CAM-02,1
2025-11-12T13:51:01.621594+00:00,CAM-03,1
2025-11-12T13:51:06.623652+00:00,CAM-01,0
2025-11-12T13:51:06.623652+00:00,CAM-02,0
2025-11-12T13:51:06.623652+00:00,CAM-03,1
2025-11-12T13:51:11.625694+00:00,CAM-01,0
2025-11-12T13:51:11.625694+00:00,CAM-02,0
2025-11-12T13:51:11.625694+00:00,CAM-03,1
2025-11-12T13:51:16.627711+00:00,CAM-01,0
2025-11-12T13:51:16.627711+00:00,CAM-02,0
2025-11-12T13:51:16.627711+00:00,CAM-03,1
2025-11-12T13:51:21.629580+00:00,CAM-01,0
2025-11-12T13:51:21.629580+00:00,CAM-02,0
2025-11-12T13:51:21.629580+00:00,CAM-03,1
2025-11-12T13:51:26.631436+00:00,CAM-01,0
2025-11-12T13:51:26.631436+00:00,CAM-02,0
2025-11-12T13:51:26.631436+00:00,CAM-03,1
2025-11-12T13:51:31.633014+00:00,CAM-01,0
2025-11-12T13:51:31.633014+00:00,CAM-02,0
2025-11-12T13:51:31.633014+00:00,CAM-03,0
2025-11-12T13:51:36.634931+00:00,CAM-01,0
2025-11-12T13:51:36.634931+00:00,CAM-02,0
2025-11-12T13:51:36.634931+00:00,CAM-03,0
2025-11-12T13:51:41.637472+00:00,CAM-01,0
2025-11-12T13:51:41.637472+00:00,CAM-02,0
2025-11-12T13:51:41.637472+00:00,CAM-03,0
2025-11-12T13:51:46.639255+00:00,CAM-01,0
2025-11-12T13:51:46.639255+00:00,CAM-02,0
2025-11-12T13:51:46.639255+00:00,CAM-03,0
2025-11-12T13:51:51.641499+00:00,CAM-01,0
2025-11-12T13:51:51.641499+00:00,CAM-02,0
2025-11-12T13:51:51.641499+00:00,CAM-03,0
2025-11-12T13:51:56.643409+00:00,CAM-01,0
2025-11-12T13:51:56.643409+00:00,CAM-02,0
2025-11-12T13:51:56.643409+00:00,CAM-03,0
2025-11-12T13:52:01.645279+00:00,CAM-01,0
2025-11-12T13:52:01.645279+00:00,CAM-02,0
2025-11-12T13:52:01.645279+00:00,CAM-03,0
2025-11-12T13:52:06.648618+00:00,CAM-01,0
2025-11-12T13:52:06.648618+00:00,CAM-02,0
2025-11-12T13:52:06.648618+00:00,CAM-03,0
2025-11-12T13:52:11.650603+00:00,CAM-01,0
2025-11-12T13:52:11.650603+00:00,CAM-02,0
2025-11-12T13:52:11.650603+00:00,CAM-03,0
2025-11-12T13:52:16.652205+00:00,CAM-01,0
2025-11-12T13:52:16.652205+00:00,CAM-02,0
2025-11-12T13:52:16.652205+00:00,CAM-03,0
2025-11-12T13:52:21.653946+00:00,CAM-01,0
2025-11-12T13:52:21.653946+00:00,CAM-02,0
2025-11-12T13:52:21.653946+00:00,CAM-03,0
2025-11-12T13:52:26.655747+00:00,CAM-01,0
2025-11-12T13:52:26.655747+00:00,CAM-02,0
2025-11-12T13:52:26.655747+00:00,CAM-03,0
2025-11-12T13:52:31.657539+00:00,CAM-01,0
2025-11-12T13:52:31.657539+00:00,CAM-02,0
2025-11-12T13:52:31.657539+00:00,CAM-03,0
2025-11-12T13:52:36.659250+00:00,CAM-01,0
2025-11-12T13:52:36.659250+00:00,CAM-02,0
2025-11-12T13:52:36.659250+00:00,CAM-03,0
2025-11-12T13:52:41.660857+00:00,CAM-01,0
2025-11-12T13:52:41.660857+00:00,CAM-02,0
2025-11-12T13:52:41.660857+00:00,CAM-03,0
2025-11-12T13:52:46.662491+00:00,CAM-01,1
2025-11-12T13:52:46.662491+00:00,CAM-02,0
2025-11-12T13:52:46.662491+00:00,CAM-03,0
2025-11-12T13:52:51.664160+00:00,CAM-01,1
2025-11-12T13:52:51.664160+00:00,CAM-02,0
2025-11-12T13:52:51.664160+00:00,CAM-03,0
2025-11-12T13:52:56.666211+00:00,CAM-01,1
2025-11-12T13:52:56.666211+00:00,CAM-02,0
2025-11-12T13:52:56.666211+00:00,CAM-03,1
2025-11-12T13:53:01.667828+00:00,CAM-01,1
2025-11-12T13:53:01.667828+00:00,CAM-02,1
2025-11-12T13:53:01.667828+00:00,CAM-03,1
2025-11-12T13:53:06.669988+00:00,CAM-01,1
2025-11-12T13:53:06.669988+00:00,CAM-02,1
2025-11-12T13:53:06.669988+00:00,CAM-03,1
2025-11-12T13:53:11.672112+00:00,CAM-01,1
2025-11-12T13:53:11.672112+00:00,CAM-02,0
2025-11-12T13:53:11.672112+00:00,CAM-03,1
2025-11-12T13:53:16.674064+00:00,CAM-01,1
2025-11-12T13:53:16.674064+00:00,CAM-02,0
2025-11-12T13:53:16.674064+00:00,CAM-03,1
2025-11-12T13:53:21.676058+00:00,CAM-01,1
2025-11-12T13:53:21.676058+00:00,CAM-02,0
2025-11-12T13:53:21.676058+00:00,CAM-03,1
2025-11-12T13:53:26.677914+00:00,CAM-01,1
2025-11-12T13:53:26.677914+00:00,CAM-02,0
2025-11-12T13:53:26.677914+00:00,CAM-03,0
2025-11-12T13:53:31.679828+00:00,CAM-01,1
2025-11-12T13:53:31.679828+00:00,CAM-02,0
2025-11-12T13:53:31.679828+00:00,CAM-03,0
2025-11-12T13:53:36.682611+00:00,CAM-01,1
2025-11-12T13:53:36.682611+00:00,CAM-02,0
2025-11-12T13:53:36.682611+00:00,CAM-03,0
2025-11-12T13:53:41.684385+00:00,CAM-01,1
2025-11-12T13:53:41.684385+00:00,CAM-02,0
2025-11-12T13:53:41.684385+00:00,CAM-03,0
2025-11-12T13:53:46.686370+00:00,CAM-01,0
2025-11-12T13:53:46.686370+00:00,CAM-02,0
2025-11-12T13:53:46.686370+00:00,CAM-03,0
2025-11-12T13:53:51.687902+00:00,CAM-01,0
2025-11-12T13:53:51.687902+00:00,CAM-02,0
2025-11-12T13:53:51.687902+00:00,CAM-03,0
2025-11-12T13:53:56.689915+00:00,CAM-01,0
2025-11-12T13:53:56.689915+00:00,CAM-02,0
2025-11-12T13:53:56.689915+00:00,CAM-03,0
2025-11-12T13:54:01.691708+00:00,CAM-01,0
2025-11-12T13:54:01.691708+00:00,CAM-02,0
2025-11-12T13:54:01.691708+00:00,CAM-03,0
2025-11-12T13:54:06.695101+00:00,CAM-01,0
2025-11-12T13:54:06.695101+00:00,CAM-02,0
2025-11-12T13:54:06.695101+00:00,CAM-03,0
2025-11-12T13:54:11.696961+00:00,CAM-01,1
2025-11-12T13:54:11.696961+00:00,CAM-02,0
2025-11-12T13:54:11.696961+00:00,CAM-03,0
2025-11-12T13:54:16.698874+00:00,CAM-01,1
2025-11-12T13:54:16.698874+00:00,CAM-02,0
2025-11-12T13:54:16.698874+00:00,CAM-03,0
2025-11-12T13:54:21.700656+00:00,CAM-01,1
2025-11-12T13:54:21.700656+00:00,CAM-02,1
2025-11-12T13:54:21.700656+00:00,CAM-03,0
2025-11-12T13:54:26.702419+00:00,CAM-01,1
2025-11-12T13:54:26.702419+00:00,CAM-02,1
2025-11-12T13:54:26.702419+00:00,CAM-03,0
2025-11-12T13:54:31.704154+00:00,CAM-01,1
2025-11-12T13:54:31.704154+00:00,CAM-02,1
2025-11-12T13:54:31.704154+00:00,CAM-03,0
2025-11-12T13:54:36.706374+00:00,CAM-01,1
2025-11-12T13:54:36.706374+00:00,CAM-02,1
2025-11-12T13:54:36.706374+00:00,CAM-03,0
2025-11-12T13:54:41.708202+00:00,CAM-01,1
2025-11-12T13:54:41.708202+00:00,CAM-02,1
2025-11-12T13:54:41.708202+00:00,CAM-03,0
2025-11-12T13:54:46.710273+00:00,CAM-01,0
2025-11-12T13:54:46.710273+00:00,CAM-02,1
2025-11-12T13:54:46.710273+00:00,CAM-03,0
2025-11-12T13:54:51.713560+00:00,CAM-01,0
2025-11-12T13:54:51.713560+00:00,CAM-02,1
2025-11-12T13:54:51.713560+00:00,CAM-03,0
2025-11-12T13:54:56.720244+00:00,CAM-01,0
2025-11-12T13:54:56.720244+00:00,CAM-02,0
2025-11-12T13:54:56.720244+00:00,CAM-03,0
2025-11-12T13:55:01.724136+00:00,CAM-01,0
2025-11-12T13:55:01.724136+00:00,CAM-02,1
2025-11-12T13:55:01.724136+00:00,CAM-03,0
2025-11-12T13:55:06.726489+00:00,CAM-01,0
2025-11-12T13:55:06.726489+00:00,CAM-02,1
2025-11-12T13:55:06.726489+00:00,CAM-03,0
2025-11-12T13:55:11.730036+00:00,CAM-01,0
2025-11-12T13:55:11.730036+00:00,CAM-02,1
2025-11-12T13:55:11.730036+00:00,CAM-03,0
2025-11-12T13:55:16.737045+00:00,CAM-01,0
2025-11-12T13:55:16.737045+00:00,CAM-02,1
2025-11-12T13:55:16.737045+00:00,CAM-03,1
2025-11-12T13:55:21.740503+00:00,CAM-01,0
2025-11-12T13:55:21.740503+00:00,CAM-02,1
2025-11-12T13:55:21.740503+00:00,CAM-03,1
2025-11-12T13:55:26.747152+00:00,CAM-01,0
2025-11-12T13:55:26.747152+00:00,CAM-02,1
2025-11-12T13:55:26.747152+00:00,CAM-03,1
2025-11-12T13:55:31.750370+00:00,CAM-01,0
2025-11-12T13:55:31.750370+00:00,CAM-02,1
2025-11-12T13:55:31.750370+00:00,CAM-03,1
2025-11-12T13:55:36.756954+00:00,CAM-01,0
2025-11-12T13:55:36.756954+00:00,CAM-02,1
2025-11-12T13:55:36.756954+00:00,CAM-03,1
2025-11-12T13:55:41.759020+00:00,CAM-01,0
2025-11-12T13:55:41.759020+00:00,CAM-02,0
2025-11-12T13:55:41.759020+00:00,CAM-03,1
2025-11-12T13:55:46.764437+00:00,CAM-01,0
2025-11-12T13:55:46.764437+00:00,CAM-02,1
2025-11-12T13:55:46.764437+00:00,CAM-03,1
2025-11-12T14:16:46.714217+00:00,CAM-01,1
2025-11-12T14:16:46.714217+00:00,CAM-02,0
2025-11-12T14:16:46.714217+00:00,CAM-03,0
2025-11-12T14:16:51.725592+00:00,CAM-01,1
2025-11-12T14:16:51.725592+00:00,CAM-02,1
2025-11-12T14:16:51.725592+00:00,CAM-03,0
2025-11-12T14:16:56.727435+00:00,CAM-01,1
2025-11-12T14:16:56.727435+00:00,CAM-02,1
2025-11-12T14:16:56.727435+00:00,CAM-03,0
2025-11-12T14:17:01.729570+00:00,CAM-01,1
2025-11-12T14:17:01.729570+00:00,CAM-02,1
2025-11-12T14:17:01.729570+00:00,CAM-03,0
2025-11-12T14:17:06.733150+00:00,CAM-01,0
2025-11-12T14:17:06.733150+00:00,CAM-02,0
2025-11-12T14:17:06.733150+00:00,CAM-03,0
2025-11-12T14:17:11.739481+00:00,CAM-01,0
2025-11-12T14:17:11.739481+00:00,CAM-02,0
2025-11-12T14:17:11.739481+00:00,CAM-03,0
2025-11-12T14:17:16.745563+00:00,CAM-01,0
2025-11-12T14:17:16.745563+00:00,CAM-02,0
2025-11-12T14:17:16.745563+00:00,CAM-03,0
2025-11-12T14:17:21.749691+00:00,CAM-01,0
2025-11-12T14:17:21.749691+00:00,CAM-02,1
2025-11-12T14:17:21.749691+00:00,CAM-03,0
2025-11-12T14:17:26.755920+00:00,CAM-01,0
2025-11-12T14:17:26.755920+00:00,CAM-02,1
2025-11-12T14:17:26.755920+00:00,CAM-03,0
2025-11-12T14:17:31.758787+00:00,CAM-01,0
2025-11-12T14:17:31.758787+00:00,CAM-02,1
2025-11-12T14:17:31.758787+00:00,CAM-03,0
2025-11-12T14:17:36.765283+00:00,CAM-01,0
2025-11-12T14:17:36.765283+00:00,CAM-02,1
2025-11-12T14:17:36.765283+00:00,CAM-03,0
2025-11-12T14:17:41.771075+00:00,CAM-01,0
2025-11-12T14:17:41.771075+00:00,CAM-02,0
2025-11-12T14:17:41.771075+00:00,CAM-03,0
2025-11-12T14:17:46.777396+00:00,CAM-01,0
2025-11-12T14:17:46.777396+00:00,CAM-02,0
2025-11-12T14:17:46.777396+00:00,CAM-03,0
2025-11-12T14:17:51.781158+00:00,CAM-01,0
2025-11-12T14:17:51.781158+00:00,CAM-02,0
2025-11-12T14:17:51.781158+00:00,CAM-03,0
2025-11-12T14:17:56.786948+00:00,CAM-01,1
2025-11-12T14:17:56.786948+00:00,CAM-02,0
2025-11-12T14:17:56.786948+00:00,CAM-03,0
2025-11-12T14:18:01.789304+00:00,CAM-01,1
2025-11-12T14:18:01.789304+00:00,CAM-02,1
2025-11-12T14:18:01.789304+00:00,CAM-03,0
2025-11-12T14:18:06.795204+00:00,CAM-01,1
2025-11-12T14:18:06.795204+00:00,CAM-02,1
2025-11-12T14:18:06.795204+00:00,CAM-03,0
2025-11-12T14:18:11.798156+00:00,CAM-01,1
2025-11-12T14:18:11.798156+00:00,CAM-02,1
2025-11-12T14:18:11.798156+00:00,CAM-03,0
2025-11-12T14:18:16.800718+00:00,CAM-01,1
2025-11-12T14:18:16.800718+00:00,CAM-02,1
2025-11-12T14:18:16.800718+00:00,CAM-03,0
2025-11-12T14:18:21.803856+00:00,CAM-01,1
2025-11-12T14:18:21.803856+00:00,CAM-02,1
2025-11-12T14:18:21.803856+00:00,CAM-03,0
2025-11-12T14:18:26.807410+00:00,CAM-01,1
2025-11-12T14:18:26.807410+00:00,CAM-02,1
2025-11-12T14:18:26.807410+00:00,CAM-03,0
2025-11-12T14:18:31.812670+00:00,CAM-01,1
2025-11-12T14:18:31.812670+00:00,CAM-02,1
2025-11-12T14:18:31.812670+00:00,CAM-03,0
2025-11-12T14:18:36.817910+00:00,CAM-01,1
2025-11-12T14:18:36.817910+00:00,CAM-02,1
2025-11-12T14:18:36.817910+00:00,CAM-03,0
2025-11-12T14:18:41.823178+00:00,CAM-01,1
2025-11-12T14:18:41.823178+00:00,CAM-02,1
2025-11-12T14:18:41.823178+00:00,CAM-03,0
2025-11-12T14:18:46.825998+00:00,CAM-01,1
2025-11-12T14:18:46.825998+00:00,CAM-02,1
2025-11-12T14:18:46.825998+00:00,CAM-03,0
2025-11-12T14:18:51.832517+00:00,CAM-01,1
2025-11-12T14:18:51.832517+00:00,CAM-02,1
2025-11-12T14:18:51.832517+00:00,CAM-03,0
2025-11-12T14:19:33.928510+00:00,CAM-01,0
2025-11-12T14:19:33.928510+00:00,CAM-02,1
2025-11-12T14:19:33.928510+00:00,CAM-03,0
2025-11-12T14:19:38.937907+00:00,CAM-01,0
2025-11-12T14:19:38.937907+00:00,CAM-02,1
2025-11-12T14:19:38.937907+00:00,CAM-03,0
2025-11-12T14:19:43.944415+00:00,CAM-01,0
2025-11-12T14:19:43.944415+00:00,CAM-02,1
2025-11-12T14:19:43.944415+00:00,CAM-03,0
2025-11-12T14:19:48.948125+00:00,CAM-01,0
2025-11-12T14:19:48.948125+00:00,CAM-02,1
2025-11-12T14:19:48.948125+00:00,CAM-03,0
2025-11-12T14:19:53.950169+00:00,CAM-01,0
2025-11-12T14:19:53.950169+00:00,CAM-02,1
2025-11-12T14:19:53.950169+00:00,CAM-03,0
2025-11-12T14:19:58.957087+00:00,CAM-01,0
2025-11-12T14:19:58.957087+00:00,CAM-02,1
2025-11-12T14:19:58.957087+00:00,CAM-03,0
2025-11-12T14:20:03.963014+00:00,CAM-01,0
2025-11-12T14:20:03.963014+00:00,CAM-02,1
2025-11-12T14:20:03.963014+00:00,CAM-03,0
2025-11-12T14:20:08.966776+00:00,CAM-01,0
2025-11-12T14:20:08.966776+00:00,CAM-02,1
2025-11-12T14:20:08.966776+00:00,CAM-03,0
2025-11-12T14:20:13.972139+00:00,CAM-01,0
2025-11-12T14:20:13.972139+00:00,CAM-02,1
2025-11-12T14:20:13.972139+00:00,CAM-03,0
2025-11-12T14:20:18.974542+00:00,CAM-01,0
2025-11-12T14:20:18.974542+00:00,CAM-02,1
2025-11-12T14:20:18.974542+00:00,CAM-03,1
2025-11-12T14:20:23.980428+00:00,CAM-01,1
2025-11-12T14:20:23.980428+00:00,CAM-02,1
2025-11-12T14:20:23.980428+00:00,CAM-03,1
2025-11-12T14:20:28.986968+00:00,CAM-01,1
2025-11-12T14:20:28.986968+00:00,CAM-02,1
2025-11-12T14:20:28.986968+00:00,CAM-03,1
2025-11-12T14:20:33.990825+00:00,CAM-01,1
2025-11-12T14:20:33.990825+00:00,CAM-02,1
2025-11-12T14:20:33.990825+00:00,CAM-03,1
2025-11-12T14:20:43.627380+00:00,CAM-01,1
2025-11-12T14:20:43.627380+00:00,CAM-02,0
2025-11-12T14:20:43.627380+00:00,CAM-03,1
2025-11-12T14:20:48.633342+00:00,CAM-01,1
2025-11-12T14:20:48.633342+00:00,CAM-02,0
2025-11-12T14:20:48.633342+00:00,CAM-03,1
2025-11-12T14:20:53.640188+00:00,CAM-01,1
2025-11-12T14:20:53.640188+00:00,CAM-02,0
2025-11-12T14:20:53.640188+00:00,CAM-03,1
2025-11-12T14:20:58.644316+00:00,CAM-01,1
2025-11-12T14:20:58.644316+00:00,CAM-02,0
2025-11-12T14:20:58.644316+00:00,CAM-03,1
2025-11-12T14:21:03.651097+00:00,CAM-01,1
2025-11-12T14:21:03.651097+00:00,CAM-02,0
2025-11-12T14:21:03.651097+00:00,CAM-03,1
2025-11-12T14:21:08.654236+00:00,CAM-01,1
2025-11-12T14:21:08.654236+00:00,CAM-02,0
2025-11-12T14:21:08.654236+00:00,CAM-03,1
2025-11-12T14:21:13.660566+00:00,CAM-01,1
2025-11-12T14:21:13.660566+00:00,CAM-02,0
2025-11-12T14:21:13.660566+00:00,CAM-03,1
2025-11-12T14:21:18.664168+00:00,CAM-01,1
2025-11-12T14:21:18.664168+00:00,CAM-02,0
2025-11-12T14:21:18.664168+00:00,CAM-03,1
2025-11-12T14:21:23.666880+00:00,CAM-01,1
2025-11-12T14:21:23.666880+00:00,CAM-02,0
2025-11-12T14:21:23.666880+00:00,CAM-03,1
2025-11-12T14:21:36.714414+00:00,CAM-01,1
2025-11-12T14:21:36.714414+00:00,CAM-02,0
2025-11-12T14:21:36.714414+00:00,CAM-03,1
2025-11-12T14:21:44.657638+00:00,CAM-01,0
2025-11-12T14:21:44.657638+00:00,CAM-02,0
2025-11-12T14:21:44.657638+00:00,CAM-03,1
2025-11-12T14:21:49.659168+00:00,CAM-01,0
2025-11-12T14:21:49.659168+00:00,CAM-02,0
2025-11-12T14:21:49.659168+00:00,CAM-03,1
2025-11-12T14:21:54.662988+00:00,CAM-01,0
2025-11-12T14:21:54.662988+00:00,CAM-02,0
2025-11-12T14:21:54.662988+00:00,CAM-03,1
2025-11-12T14:42:32.829194+00:00,CAM-01,0
2025-11-12T14:42:32.829194+00:00,CAM-02,0
2025-11-12T14:42:32.829194+00:00,CAM-03,0
2025-11-12T14:42:37.831449+00:00,CAM-01,0
2025-11-12T14:42:37.831449+00:00,CAM-02,0
2025-11-12T14:42:37.831449+00:00,CAM-03,0
2025-11-12T14:42:42.833600+00:00,CAM-01,1
2025-11-12T14:42:42.833600+00:00,CAM-02,0
2025-11-12T14:42:42.833600+00:00,CAM-03,1
2025-11-12T14:42:47.837553+00:00,CAM-01,1
2025-11-12T14:42:47.837553+00:00,CAM-02,0
2025-11-12T14:42:47.837553+00:00,CAM-03,1
2025-11-12T14:42:52.841348+00:00,CAM-01,1
2025-11-12T14:42:52.841348+00:00,CAM-02,1
2025-11-12T14:42:52.841348+00:00,CAM-03,1
2025-11-12T14:42:57.846979+00:00,CAM-01,1
2025-11-12T14:42:57.846979+00:00,CAM-02,1
2025-11-12T14:42:57.846979+00:00,CAM-03,1
2025-11-12T14:43:02.849259+00:00,CAM-01,1
2025-11-12T14:43:02.849259+00:00,CAM-02,1
2025-11-12T14:43:02.849259+00:00,CAM-03,1
2025-11-12T14:43:07.855090+00:00,CAM-01,1
2025-11-12T14:43:07.855090+00:00,CAM-02,1
2025-11-12T14:43:07.855090+00:00,CAM-03,1
2025-11-12T14:43:12.861829+00:00,CAM-01,1
2025-11-12T14:43:12.861829+00:00,CAM-02,1
2025-11-12T14:43:12.861829+00:00,CAM-03,1
2025-11-12T14:43:17.865262+00:00,CAM-01,1
2025-11-12T14:43:17.865262+00:00,CAM-02,1
2025-11-12T14:43:17.865262+00:00,CAM-03,1
2025-11-12T14:43:22.867935+00:00,CAM-01,1
2025-11-12T14:43:22.867935+00:00,CAM-02,1
2025-11-12T14:43:22.867935+00:00,CAM-03,1
2025-11-12T14:43:27.869934+00:00,CAM-01,1
2025-11-12T14:43:27.869934+00:00,CAM-02,1
2025-11-12T14:43:27.869934+00:00,CAM-03,1
2025-11-12T14:43:32.876539+00:00,CAM-01,1
2025-11-12T14:43:32.876539+00:00,CAM-02,1
2025-11-12T14:43:32.876539+00:00,CAM-03,1
2025-11-12T14:43:37.879447+00:00,CAM-01,1
2025-11-12T14:43:37.879447+00:00,CAM-02,1
2025-11-12T14:43:37.879447+00:00,CAM-03,1
2025-11-12T14:43:42.883168+00:00,CAM-01,1
2025-11-12T14:43:42.883168+00:00,CAM-02,1
2025-11-12T14:43:42.883168+00:00,CAM-03,1
2025-11-12T14:43:53.942494+00:00,CAM-01,1
2025-11-12T14:43:53.942494+00:00,CAM-02,1
2025-11-12T14:43:53.942494+00:00,CAM-03,1
2025-11-12T14:43:58.950373+00:00,CAM-01,1
2025-11-12T14:43:58.950373+00:00,CAM-02,1
2025-11-12T14:43:58.950373+00:00,CAM-03,1
2025-11-12T14:44:03.953515+00:00,CAM-01,1
2025-11-12T14:44:03.953515+00:00,CAM-02,1
2025-11-12T14:44:03.953515+00:00,CAM-03,1
2025-11-12T14:44:08.959965+00:00,CAM-01,1
2025-11-12T14:44:08.959965+00:00,CAM-02,1
2025-11-12T14:44:08.959965+00:00,CAM-03,1
2025-11-12T14:44:13.963206+00:00,CAM-01,1
2025-11-12T14:44:13.963206+00:00,CAM-02,1
2025-11-12T14:44:13.963206+00:00,CAM-03,1
2025-11-12T14:44:18.967053+00:00,CAM-01,1
2025-11-12T14:44:18.967053+00:00,CAM-02,1
2025-11-12T14:44:18.967053+00:00,CAM-03,1
2025-11-12T14:44:23.973392+00:00,CAM-01,1
2025-11-12T14:44:23.973392+00:00,CAM-02,1
2025-11-12T14:44:23.973392+00:00,CAM-03,1
2025-11-12T14:44:28.979801+00:00,CAM-01,1
2025-11-12T14:44:28.979801+00:00,CAM-02,1
2025-11-12T14:44:28.979801+00:00,CAM-03,1
2025-11-12T14:44:33.985798+00:00,CAM-01,1
2025-11-12T14:44:33.985798+00:00,CAM-02,1
2025-11-12T14:44:33.985798+00:00,CAM-03,1
2025-11-12T14:44:38.993161+00:00,CAM-01,1
2025-11-12T14:44:38.993161+00:00,CAM-02,1
2025-11-12T14:44:38.993161+00:00,CAM-03,1
2025-11-12T14:49:21.797609+00:00,CAM-01,0
2025-11-12T14:49:21.797609+00:00,CAM-02,0
2025-11-12T14:49:21.797609+00:00,CAM-03,0
2025-11-12T14:49:26.804525+00:00,CAM-01,0
2025-11-12T14:49:26.804525+00:00,CAM-02,0
2025-11-12T14:49:26.804525+00:00,CAM-03,0
2025-11-12T14:49:31.810843+00:00,CAM-01,0
2025-11-12T14:49:31.810843+00:00,CAM-02,0
2025-11-12T14:49:31.810843+00:00,CAM-03,0
2025-11-12T14:49:36.813992+00:00,CAM-01,0
2025-11-12T14:49:36.813992+00:00,CAM-02,0
2025-11-12T14:49:36.813992+00:00,CAM-03,0
2025-11-12T14:49:41.817114+00:00,CAM-01,0
2025-11-12T14:49:41.817114+00:00,CAM-02,0
2025-11-12T14:49:41.817114+00:00,CAM-03,0
2025-11-12T14:49:46.823622+00:00,CAM-01,0
2025-11-12T14:49:46.823622+00:00,CAM-02,0
2025-11-12T14:49:46.823622+00:00,CAM-03,0
2025-11-12T14:49:51.830130+00:00,CAM-01,0
2025-11-12T14:49:51.830130+00:00,CAM-02,0
2025-11-12T14:49:51.830130+00:00,CAM-03,0
2025-11-12T14:49:56.833111+00:00,CAM-01,0
2025-11-12T14:49:56.833111+00:00,CAM-02,0
2025-11-12T14:49:56.833111+00:00,CAM-03,0
2025-11-12T14:50:01.839759+00:00,CAM-01,0
2025-11-12T14:50:01.839759+00:00,CAM-02,0
2025-11-12T14:50:01.839759+00:00,CAM-03,0
2025-11-12T14:50:06.845473+00:00,CAM-01,1
2025-11-12T14:50:06.845473+00:00,CAM-02,0
2025-11-12T14:50:06.845473+00:00,CAM-03,0
2025-11-12T14:50:11.848588+00:00,CAM-01,1
2025-11-12T14:50:11.848588+00:00,CAM-02,0
2025-11-12T14:50:11.848588+00:00,CAM-03,0
2025-11-12T14:50:16.850815+00:00,CAM-01,1
2025-11-12T14:50:16.850815+00:00,CAM-02,0
2025-11-12T14:50:16.850815+00:00,CAM-03,0
2025-11-12T14:50:21.854209+00:00,CAM-01,1
2025-11-12T14:50:21.854209+00:00,CAM-02,0
2025-11-12T14:50:21.854209+00:00,CAM-03,1
2025-11-12T14:50:26.857232+00:00,CAM-01,1
2025-11-12T14:50:26.857232+00:00,CAM-02,0
2025-11-12T14:50:26.857232+00:00,CAM-03,1
2025-11-12T14:50:31.863746+00:00,CAM-01,1
2025-11-12T14:50:31.863746+00:00,CAM-02,1
2025-11-12T14:50:31.863746+00:00,CAM-03,1
2025-11-12T14:50:36.866128+00:00,CAM-01,1
2025-11-12T14:50:36.866128+00:00,CAM-02,1
2025-11-12T14:50:36.866128+00:00,CAM-03,1
2025-11-12T14:50:41.873326+00:00,CAM-01,1
2025-11-12T14:50:41.873326+00:00,CAM-02,1
2025-11-12T14:50:41.873326+00:00,CAM-03,1
2025-11-12T14:50:46.876541+00:00,CAM-01,1
2025-11-12T14:50:46.876541+00:00,CAM-02,1
2025-11-12T14:50:46.876541+00:00,CAM-03,1
2025-11-12T14:50:51.880009+00:00,CAM-01,1
2025-11-12T14:50:51.880009+00:00,CAM-02,1
2025-11-12T14:50:51.880009+00:00,CAM-03,1
2025-11-12T14:50:56.884621+00:00,CAM-01,1
2025-11-12T14:50:56.884621+00:00,CAM-02,1
2025-11-12T14:50:56.884621+00:00,CAM-03,1
2025-11-12T14:51:01.890967+00:00,CAM-01,1
2025-11-12T14:51:01.890967+00:00,CAM-02,1
2025-11-12T14:51:01.890967+00:00,CAM-03,1
2025-11-12T14:51:06.894608+00:00,CAM-01,1
2025-11-12T14:51:06.894608+00:00,CAM-02,1
2025-11-12T14:51:06.894608+00:00,CAM-03,1
2025-11-12T14:51:11.896766+00:00,CAM-01,1
2025-11-12T14:51:11.896766+00:00,CAM-02,1
2025-11-12T14:51:11.896766+00:00,CAM-03,1
2025-11-12T14:51:16.903359+00:00,CAM-01,1
2025-11-12T14:51:16.903359+00:00,CAM-02,1
2025-11-12T14:51:16.903359+00:00,CAM-03,1
2025-11-12T14:51:21.906667+00:00,CAM-01,1
2025-11-12T14:51:21.906667+00:00,CAM-02,1
2025-11-12T14:51:21.906667+00:00,CAM-03,1
2025-11-12T14:51:29.924886+00:00,CAM-01,0
2025-11-12T14:51:29.924886+00:00,CAM-02,1
2025-11-12T14:51:29.924886+00:00,CAM-03,0
2025-11-12T14:51:34.927874+00:00,CAM-01,0
2025-11-12T14:51:34.927874+00:00,CAM-02,1
2025-11-12T14:51:34.927874+00:00,CAM-03,1
2025-11-12T14:51:39.929993+00:00,CAM-01,0
2025-11-12T14:51:39.929993+00:00,CAM-02,1
2025-11-12T14:51:39.929993+00:00,CAM-03,1
2025-11-12T14:51:44.932302+00:00,CAM-01,0
2025-11-12T14:51:44.932302+00:00,CAM-02,1
2025-11-12T14:51:44.932302+00:00,CAM-03,1
2025-11-12T14:51:49.934075+00:00,CAM-01,0
2025-11-12T14:51:49.934075+00:00,CAM-02,1
2025-11-12T14:51:49.934075+00:00,CAM-03,1
2025-11-12T14:51:54.937188+00:00,CAM-01,0
2025-11-12T14:51:54.937188+00:00,CAM-02,1
2025-11-12T14:51:54.937188+00:00,CAM-03,1
2025-11-12T14:51:59.942652+00:00,CAM-01,0
2025-11-12T14:51:59.942652+00:00,CAM-02,1
2025-11-12T14:51:59.942652+00:00,CAM-03,1
2025-11-12T14:52:04.945697+00:00,CAM-01,0
2025-11-12T14:52:04.945697+00:00,CAM-02,1
2025-11-12T14:52:04.945697+00:00,CAM-03,1
2025-11-12T14:52:09.947560+00:00,CAM-01,0
2025-11-12T14:52:09.947560+00:00,CAM-02,1
2025-11-12T14:52:09.947560+00:00,CAM-03,1
2025-11-12T14:52:14.953970+00:00,CAM-01,1
2025-11-12T14:52:14.953970+00:00,CAM-02,1
2025-11-12T14:52:14.953970+00:00,CAM-03,1
2025-11-12T14:52:19.955844+00:00,CAM-01,1
2025-11-12T14:52:19.955844+00:00,CAM-02,1
2025-11-12T14:52:19.955844+00:00,CAM-03,1
2025-11-12T14:52:34.754695+00:00,CAM-01,1
2025-11-12T14:52:34.754695+00:00,CAM-02,0
2025-11-12T14:52:34.754695+00:00,CAM-03,1
2025-11-12T14:52:39.762464+00:00,CAM-01,1
2025-11-12T14:52:39.762464+00:00,CAM-02,0
2025-11-12T14:52:39.762464+00:00,CAM-03,1
2025-11-12T14:52:44.772372+00:00,CAM-01,1
2025-11-12T14:52:44.772372+00:00,CAM-02,0
2025-11-12T14:52:44.772372+00:00,CAM-03,1
2025-11-12T14:52:49.775477+00:00,CAM-01,1
2025-11-12T14:52:49.775477+00:00,CAM-02,0
2025-11-12T14:52:49.775477+00:00,CAM-03,1
2025-11-12T14:52:54.783488+00:00,CAM-01,1
2025-11-12T14:52:54.783488+00:00,CAM-02,0
2025-11-12T14:52:54.783488+00:00,CAM-03,1
2025-11-12T14:52:59.788792+00:00,CAM-01,1
2025-11-12T14:52:59.788792+00:00,CAM-02,0
2025-11-12T14:52:59.788792+00:00,CAM-03,1
2025-11-12T14:53:04.792170+00:00,CAM-01,1
2025-11-12T14:53:04.792170+00:00,CAM-02,0
2025-11-12T14:53:04.792170+00:00,CAM-03,1
2025-11-12T14:53:09.794579+00:00,CAM-01,1
2025-11-12T14:53:09.794579+00:00,CAM-02,0
2025-11-12T14:53:09.794579+00:00,CAM-03,1
2025-11-12T14:53:14.797520+00:00,CAM-01,1
2025-11-12T14:53:14.797520+00:00,CAM-02,0
2025-11-12T14:53:14.797520+00:00,CAM-03,1
2025-11-12T14:53:19.801350+00:00,CAM-01,1
2025-11-12T14:53:19.801350+00:00,CAM-02,0
2025-11-12T14:53:19.801350+00:00,CAM-03,1
2025-11-12T14:53:24.807620+00:00,CAM-01,1
2025-11-12T14:53:24.807620+00:00,CAM-02,0
2025-11-12T14:53:24.807620+00:00,CAM-03,1
